scenario,r,popI,popF,Y,Ctot,wealth_mean_I,wealth_mean_F,wealth_mean_T,wealth_med_I,wealth_med_F,wealth_med_T,giniW_I,giniW_F,giniW_T,cons_mean_I,cons_mean_F,cons_mean_T,cons_med_I,cons_med_F,cons_med_T,giniC_I,giniC_F,giniC_T,p11_rep
Current policy,0.005,0.654000000000001,0.345999999999999,0.56182,0.441843071182446,0.026951214233431,0.946694773083706,0.345182485595625,-0.167811158798283,0.884635193133047,0.151587982832618,0.562881457843625,0.311378757752384,0.494149812644494,0.376685303501702,0.565002551133909,0.925804181762793,0.366377482413075,0.567833500721644,0.438506900937741,0.154394477414457,0.0657393684490332,0.164819423171265,0.897715394612037
