scenario,A_private,B_public
BASE,0.449443921199237,0.449455999999999
