scenario,labor_tax,vat_tax,rev_total,transfers,public_good,debt_serv,primary_bal,debt_stock,global_bal
INF_ALTA,0.0374999999999999,0.0717370304730092,0.109237030473009,0.022275,0.0397951416015625,0.00112675369262695,0.0471668888714467,0.174125,0.0460401351788198
