scenario,labor_tax,vat_tax,rev_total,transfers,public_good,debt_serv,primary_bal,debt_stock,global_bal
BASE,0.0518999999999998,0.0795319390207771,0.131431939020777,0.0194238,0.0449455999999999,0.000983184999999999,0.0670625390207769,0.196637,0.0660793540207769
