scenario,r,popI,popF,Y,Ctot,wealth_mean_I,wealth_mean_F,wealth_mean_T,wealth_med_I,wealth_med_F,wealth_med_T,giniW_I,giniW_F,giniW_T,cons_mean_I,cons_mean_F,cons_mean_T,cons_med_I,cons_med_F,cons_med_T,giniC_I,giniC_F,giniC_T,p11_rep
INF_BAJA,0.00890625,0.250000000000001,0.749999999999999,0.832499999999999,0.616408513677675,0.00426714284954171,0.38643430054565,0.290892511121623,-0.000257510729613775,0.429098712446352,0.334849785407725,0.346810556674797,0.196472139976597,0.244216870630794,0.494920060608394,0.656904664700769,1.19597360705958,0.507298601235736,0.66626683548761,0.645342324307667,0.105131535207725,0.0384196651406101,0.078396395146956,0.542340323875
