scenario,r,popI,popF,Y,Ctot,wealth_mean_I,wealth_mean_F,wealth_mean_T,wealth_med_I,wealth_med_F,wealth_med_T,giniW_I,giniW_F,giniW_T,cons_mean_I,cons_mean_F,cons_mean_T,cons_med_I,cons_med_F,cons_med_T,giniC_I,giniC_F,giniC_T,p11_rep
BASE,0.005,0.654000000000001,0.345999999999999,0.561819999999999,0.441844105670984,0.0271140808013691,0.946990002951,0.345391149865141,-0.167811158798283,0.884635193133047,0.151587982832618,0.562919431086586,0.311464492415597,0.494196331776474,0.376698820185884,0.564979992108137,0.925817002125301,0.366377472994651,0.567832517181127,0.438506866334067,0.15440680118632,0.0656987037619947,0.164803472824931,0.897715394612037
