scenario,A_I,A_F,A_priv,B_public
SHOCK_noTR,0.0624821095317015,0.355873238114105,0.418355347645807,0.4183504
