scenario,A_I,A_F,A_priv,B_public
BASE,0.0801695248485108,0.369274396350736,0.449443921199247,0.449456
