scenario,A_I,A_F,A_priv,B_public
SHOCK_TR,0.0621287117571054,0.350114917810951,0.412243629568057,0.418350399999999
