scenario,A_I,A_F,A_private,B_public
BASE,0.0206396571591878,0.328177802822673,0.348817459981861,0.25
VAT_UP,0.293193117988115,0.493764903901013,0.786958021889128,0.786955939229606
