scenario,A_I,A_F,A_private,B_public
BASE,0.693491716047101,0.684502233322358,1.37799394936946,1.37799660951157
VAT_UP,0.693502694984919,0.684492798939873,1.37799549392479,1.37799660951157
