IaB,IaL,FaB,FaL,totalSupply,totalDemand
-0.0103388547341322,0.737907864568901,-0.000170238522415101,0.794621106532106,-0.0105090932565473,1.53252897110101
