alpha,beta,R2
0.0310003414782849,-1.8863887580411e-07,0.214285714283982
