scenario,A_private,B_public
BASE,2.13566539702883,2.13566464147883
