scenario,r,popI,popF,Y,Ctot,wealth_mean_I,wealth_mean_F,wealth_mean_T,wealth_med_I,wealth_med_F,wealth_med_T,giniW_I,giniW_F,giniW_T,cons_mean_I,cons_mean_F,cons_mean_T,cons_med_I,cons_med_F,cons_med_T,giniC_I,giniC_F,giniC_T,p11_rep
BASE,0.0349928665161133,0.653999999999999,0.346000000000001,0.56182,0.512537931791397,1.74980581177317,2.86500692522883,2.13566539702883,1.56419313304721,2.89182975679542,2.01646494992847,0.449308599193746,0.29190918549455,0.402749487655616,0.459598966286808,0.6126017567625,1.05280952735014,0.465218625516123,0.587229575138702,0.507914619817937,0.120342225445962,0.10403223069593,0.135041317778201,0.897715394612037
