scenario,A_I,A_F,A_priv,B_public
BASE,-0.0632833735888907,0.260816377893127,0.197533004304237,0.196637
