scenario,r,popI,popF,Y,Ctot,wealth_mean_I,wealth_mean_F,wealth_mean_T,wealth_med_I,wealth_med_F,wealth_med_T,giniW_I,giniW_F,giniW_T,cons_mean_I,cons_mean_F,cons_mean_T,cons_med_I,cons_med_F,cons_med_T,giniC_I,giniC_F,giniC_T,p11_rep
BASE,0.0294365187722588,0.654000000000001,0.346,0.56182,0.444252707362445,-0.0967635681787323,0.753804560384765,0.197533004304237,-0.303948497854077,0.738025751072961,0.0311587982832617,0.602868783067082,0.306309346111773,0.515878557291864,0.366279175189353,0.591636204591355,0.935845649552131,0.362604902382554,0.585193379909701,0.440027641497158,0.210673863627825,0.0832899705010876,0.204022419832693,0.897715394612037
