scenario,A_private,B_public
BASE,1.16762598409939,1.16762487415847
TRANSF_UP,1.16763248708841,1.16762487415847
