scenario,A_I,A_F,A_priv,B_public
BASE,0.598295329938202,0.569330650643014,1.16762598058122,1.16762540787294
TRANSF_UP,0.599873284845153,0.567759198422071,1.16763248326722,1.16762540787294
