scenario,r,popI,popF,Y,Ctot,wealth_mean_I,wealth_mean_F,wealth_mean_T,wealth_med_I,wealth_med_F,wealth_med_T,giniW_I,giniW_F,giniW_T,cons_mean_I,cons_mean_F,cons_mean_T,cons_med_I,cons_med_F,cons_med_T,giniC_I,giniC_F,giniC_T
BASE,0.0035,0.654,0.346,0.56182,0.441055859014254,0.0315591088060977,0.948490759603106,0.348817459981862,-0.162575107296137,0.889871244635193,0.156824034334764,0.554799186445873,0.308213268981127,0.488851880192513,0.375852553230917,0.564301413876401,0.923777903792527,0.364888659385427,0.567600394951081,0.437561369715937,0.151338796279054,0.0650715998523749,0.163774777881549
TRANS_UP,0.0035,0.654,0.346,0.56182,0.443341938948823,0.0164162200863608,0.9212141507792,0.329476304106083,-0.173047210300429,0.863690987124463,0.141115879828326,0.557090320918938,0.308676093155749,0.490470084109037,0.378286748343279,0.566307530440226,0.928525612307319,0.367847623048041,0.569785412185485,0.439560706455981,0.150800399563503,0.0641018579420179,0.162706623135719
