scenario,A_I,A_F,A_private,B_public
BASE,0.0206396571591878,0.328177802822673,0.348817459981861,0.25
TRANS_UP,0.0107362079364799,0.318740096169601,0.329476304106081,-0.464878746222197
