scenario,A_I,A_F,A_private,B_public
BASE,0.016502097090403,0.325316201624894,0.341818298715297,0.196637
TRANS_UP,0.00663625344461987,0.315883224070252,0.322519477514872,0.196637
