scenario,r,popI,popF,Y,Ctot,wealth_mean_I,wealth_mean_F,wealth_mean_T,wealth_med_I,wealth_med_F,wealth_med_T,giniW_I,giniW_F,giniW_T,cons_mean_I,cons_mean_F,cons_mean_T,cons_med_I,cons_med_F,cons_med_T,giniC_I,giniC_F,giniC_T
BASE,0.003,0.654000000000001,0.345999999999999,0.56182,0.440829215616946,0.0252325643584145,0.940220235910106,0.341818298715299,-0.167811158798283,0.879399141630901,0.146351931330472,0.556348920466032,0.308329130344324,0.489927207175859,0.375551942290139,0.564214581962991,0.92348117224024,0.364829841081835,0.56741031769493,0.43691054591521,0.151716488481859,0.0647807216025935,0.163982074290859
TRANS_UP,0.003,0.654000000000001,0.345999999999999,0.56182,0.440616244537816,0.0101471765208255,0.912957295000735,0.322519477514874,-0.178283261802575,0.853218884120172,0.130643776824034,0.558634266093196,0.308757441298759,0.491530812034576,0.37584970387932,0.563036237574397,0.922989748654557,0.365704979428628,0.566371105736311,0.436546857506802,0.151194171338923,0.0638303285989732,0.162927995048208
