scenario,A_private,B_public
EQUILIBRIO,0.664410189420373,0.66441798828125
