IaB,IaL,FaB,FaL,totalSupply,totalDemand
-0.00926570580175918,0.808892789320598,-0.000151659628061007,0.838776555525034,-0.00941736542982019,1.64766934484563
