scenario,r,popI,popF,Y,Ctot,wealth_mean_I,wealth_mean_F,wealth_mean_T,wealth_med_I,wealth_med_F,wealth_med_T,giniW_I,giniW_F,giniW_T,cons_mean_I,cons_mean_F,cons_mean_T,cons_med_I,cons_med_F,cons_med_T,giniC_I,giniC_F,giniC_T,p11_rep
Current policy,0.005,0.654000000000002,0.345999999999999,0.561819999999999,0.441667572584283,0.0098033348805842,0.907232975805057,0.320313990640451,-0.168577154308617,0.880280561122245,0.146813627254509,0.552653452627748,0.297414356479631,0.484307688639973,0.374201511605476,0.569190127151162,0.92339858000542,0.364692232184249,0.567581193556701,0.435719223757597,0.151834376891648,0.0723570835461591,0.16772823955956,0.897715394612037
