scenario,labor_tax,vat_tax,rev_total,transfers,public_good,debt_serv,primary_bal,debt_stock,global_bal
INF_BAJA,0.1125,0.114637369999275,0.227137369999275,0.00742500000000002,0.19420079773365,0.025511572265625,0.025511572265625,0.666,1.04083408558608e-17
