scenario,r,popI,popF,Y,Ctot,wealth_mean_I,wealth_mean_F,wealth_mean_T,wealth_med_I,wealth_med_F,wealth_med_T,giniW_I,giniW_F,giniW_T,cons_mean_I,cons_mean_F,cons_mean_T,cons_med_I,cons_med_F,cons_med_T,giniC_I,giniC_F,giniC_T,p11_rep
INF_ALTA,0.0233547973632812,0.750000000000001,0.25,0.4975,0.408019389685637,0.126748266950128,1.21178223647599,0.398006759331592,-0.0945064377682403,1.12549356223176,0.120171673819742,0.558103887835271,0.31497826413692,0.516769162034081,0.358546245231392,0.556438823048372,0.869704600929943,0.339315315228106,0.546425264508373,0.386835000096347,0.154724453191018,0.0913089059253875,0.177465791563344,0.934274843572651
