scenario,r,popI,popF,Y,Ctot,wealth_mean_I,wealth_mean_F,wealth_mean_T,wealth_med_I,wealth_med_F,wealth_med_T,giniW_I,giniW_F,giniW_T,cons_mean_I,cons_mean_F,cons_mean_T,cons_med_I,cons_med_F,cons_med_T,giniC_I,giniC_F,giniC_T,p11_rep
BASE,0.01310546875,0.654000000000001,0.345999999999999,0.561819999999999,0.446213773923032,0.12258337132799,1.06726704147611,0.449443921199239,-0.0735622317596567,0.999828326180258,0.251072961373391,0.540381530510664,0.308242244694935,0.477971475272189,0.381476625596171,0.568578210355888,0.932157669127217,0.368739459958179,0.569200500347328,0.443188962846831,0.150745829641111,0.0714939239681446,0.163446995265053,0.897715394612037
