scenario,r,popI,popF,Y,Ctot,wealth_mean_I,wealth_mean_F,wealth_mean_T,wealth_med_I,wealth_med_F,wealth_med_T,giniW_I,giniW_F,giniW_T,cons_mean_I,cons_mean_F,cons_mean_T,cons_med_I,cons_med_F,cons_med_T,giniC_I,giniC_F,giniC_T,p11_rep
No fiscal policy,0.005,0.653999999999999,0.346000000000001,0.561820000000001,0.558329518214264,0.355620621442874,1.59366424000453,0.783983713465207,0.104463519313305,1.64386266094421,0.580944206008584,0.517052913433742,0.270190849382369,0.453917213788722,0.454222118575136,0.755110556838512,1.16071251938921,0.441095352109662,0.732869672772671,0.544555232409253,0.161540239953184,0.103171284526287,0.196748516814277,0.897715394612037
