scenario,r,popI,popF,Y,Ctot,wealth_mean_I,wealth_mean_F,wealth_mean_T,wealth_med_I,wealth_med_F,wealth_med_T,gini_I,gini_F,gini_T,cons_mean_I,cons_mean_F,cons_mean_T,cons_med_I,cons_med_F,cons_med_T,p11_rep
BASE,0.0393362808227539,0.539999999999999,0.460000000000001,0.6382,0.58812997864536,1.838030925683,2.78293921937335,2.27268874078056,1.68820314735336,2.77511444921316,2.19153791130186,0.409825925725048,0.282989047115943,0.3586439839869,0.521149253417201,0.666759525652328,1.18520823725632,0.53112524837089,0.653549922516068,0.591367757712419,0.84051668864865
