scenario,A_private,B_public
BASE,2.27268874078056,2.27269825532391
