scenario,r,popI,popF,Y,Ctot,w_mean_I,w_mean_F,w_mean_T,gini_I,gini_F,gini_T,c_mean_I,c_mean_F,c_mean_T,fracBorrow_I,fracBorrow_F,volBorrow_I,volBorrow_F,volLend_I,volLend_F,Tl,Tc,Tr,G,B,rB,PB,BB
BASE,0.0284336853027344,0.639999999999999,0.360000000000001,0.5712,0.521284965288538,1.75075383357298,2.85396477994361,2.1479097742664,0.43718623741758,0.286661671701011,0.391796644613202,0.469091980920485,0.614072493053964,1.06376990170734,0.121292574311604,0.00622033253263618,-0.00669331099363146,-0.000110534320214892,1.12717576448033,1.02753785509991,0.0540000000000001,0.0781927447932806,0.02112,0.05,2.14790113005181,0.0610727447932808,0.0610727447932808,0
COVID,0.0190769958496094,0.639999999999999,0.360000000000001,0.464400000000001,0.414306794672045,1.42980139701205,2.45049309677646,1.79725040892724,0.474478470850161,0.314112756940866,0.425447467191218,0.372899454340592,0.487919844150182,0.851170879197454,0.133252240115102,0.00566035336654029,-0.00527433049321694,-7.18643916618448e-05,0.920347224580926,0.88224937923119,0.0459000000000001,0.0621460192008067,0.02376,0.05,1.79724415055156,0.0342860192008068,0.0342860192008068,0
