scenario,r,popI,popF,Y,Ctot,w_mean_I,w_mean_F,w_mean_T,gini_I,gini_F,gini_T,c_mean_I,c_mean_F,c_mean_T,fracBorrow_I,fracBorrow_F,volBorrow_I,volBorrow_F,volLend_I,volLend_F,Tl,Tc,Tr,G,B,rB,PB,BB
BASE,0.0346928405761719,0.639999999999999,0.360000000000001,0.571200000000001,0.521027915411312,1.37279461204271,2.44632065883561,1.75926398888815,0.499217193951324,0.323740152445634,0.444133235478792,0.463907714272111,0.62257493965878,1.07528662921507,0.174927301012752,0.00935147952157879,-0.00932874208341922,-0.000163500940222257,0.887917293790753,0.880838938121043,0.0540000000000001,0.0781541873116968,0.02112,0.05,1.7592732765047,0.061034187311697,0.061034187311697,0
COVID,0.0261013793945312,0.639999999999999,0.360000000000001,0.464400000000001,0.41423714498568,0.971890098529086,1.91989736300082,1.31317271373891,0.551030077695036,0.348933856248376,0.486732741248717,0.363885155759104,0.503751792499591,0.865613518557557,0.223404488036547,0.0107779501839695,-0.00908120169197556,-0.000139397213470044,0.63109086475059,0.691302447893767,0.0459000000000001,0.0621355717478519,0.02376,0.05,1.31317089529121,0.0342755717478521,0.0342755717478521,0
