scenario,A_I,A_F,A_priv,B_public
NOPOL,0.232575886425298,0.551407827042521,0.783983713467819,0
