scenario,Tl,Tc,Tr,G,rB,PB,B,BB
BASE,0.0518999999999999,0.0803184793061459,0.0194238,0.106904347743646,0.0058903315625,0.0058903315625,0.449456,7.80625564189563e-18
