scenario,r,popI,popF,Y,Ctot,wealth_mean_I,wealth_mean_F,wealth_mean_T,wealth_med_I,wealth_med_F,wealth_med_T,giniW_I,giniW_F,giniW_T,cons_mean_I,cons_mean_F,cons_mean_T,cons_med_I,cons_med_F,cons_med_T,giniC_I,giniC_F,giniC_T,p11_rep
BASE_Bfixed,0.010419921875,0.654000000000001,0.345999999999999,0.561819999999999,0.443456817667172,0.0308945694526319,0.952801016775722,0.34987420022642,-0.173047210300429,0.884635193133047,0.151587982832618,0.567946654236431,0.314971997786753,0.497704196455869,0.37702653230872,0.56902157669731,0.929854019505964,0.366377897446813,0.571121997267389,0.440427120397427,0.162778623443965,0.0681754170379741,0.169851569439847,0.897715394612037
