scenario,fracBorrow_I,fracBorrow_F,fracLend_I,fracLend_F,volBorrow_I,volBorrow_F,volLend_I,volLend_F
BASE_Bfixed,0.541596167520664,0.141214838500898,0.458403832479336,0.858785161499102,-0.16266346852884,-0.0139772808582372,0.24272587629091,0.383092630839024
