scenario,r,popI,popF,Y,Ctot,wealth_mean_I,wealth_mean_F,wealth_mean_T,wealth_med_I,wealth_med_F,wealth_med_T,giniW_I,giniW_F,giniW_T,cons_mean_I,cons_mean_F,cons_mean_T,cons_med_I,cons_med_F,cons_med_T,giniC_I,giniC_F,giniC_T,p11_rep
BASE_Bfixed,0.005,0.653999999999999,0.346000000000001,0.561820000000001,0.45278527421069,0.706796106410294,1.72833551376684,1.06024874135566,0.367861230329041,1.57878254649499,0.776364806866953,0.600450649578832,0.349305789427793,0.524985640140127,0.400780521628067,0.551083274757036,0.942549814504377,0.396475730921615,0.549677055122152,0.460308981012427,0.149223207815497,0.0559598268196366,0.142331135007378,0.897715394612037
