scenario,r,popI,popF,Y,Ctot,wealth_mean_I,wealth_mean_F,wealth_mean_T,wealth_med_I,wealth_med_F,wealth_med_T,giniW_I,giniW_F,giniW_T,cons_mean_I,cons_mean_F,cons_mean_T,cons_med_I,cons_med_F,cons_med_T,giniC_I,giniC_F,giniC_T,p11_rep
BASE_Bfixed,0.017109375,0.654000000000001,0.345999999999999,0.56182,0.447692717033458,0.122419583734051,1.06680736988667,0.449177757742856,-0.0787982832618026,0.994592274678111,0.245836909871245,0.544640355566564,0.310509163943434,0.480832913140519,0.381801736654523,0.572238096131212,0.935700511241513,0.36882318528576,0.571983788142361,0.445110970042435,0.156763690943257,0.0736351800655028,0.167395868466276,0.897715394612037
