scenario,labor_tax,vat_tax,rev_total,transfers,public_good,debt_serv,primary_bal,debt_stock,global_bal
BASE_Bfixed,0.0518999999999999,0.0805846890660224,0.132484689066022,0.0194238,0.0449456,0.00769921875,0.0681152890660223,0.45,0.0604160703160223
