scenario,r,A_private,B_public
BASE,0.0393362808227539,2.27268874078056,2.27269825532391
