scenario,A_private,B_public
BASE,2.1356653900776,2.13566464042988
