scenario,r,popI,popF,Y,Ctot,wealth_mean_I,wealth_mean_F,wealth_mean_T,wealth_med_I,wealth_med_F,wealth_med_T,gini_I,gini_F,gini_T,cons_mean_I,cons_mean_F,cons_mean_T,cons_med_I,cons_med_F,cons_med_T,p11_rep
BASE,0.0349928665161133,0.653999999999999,0.346000000000001,0.561820000000001,0.512537931587476,1.74980580475391,2.8650069184062,2.1356653900776,1.56419313304721,2.89182975679542,2.01646494992847,0.449308600369516,0.291909186212413,0.402749488663063,0.45959896609979,0.612601756526627,1.05280952719055,0.465218625821529,0.587229575502874,0.507914620192305,0.897715394612037
