scenario,A_private,B_public
BASE,2.1356653900776,2.13566464042988
COVID,1.90419303052617,1.9042007535606
