scenario,A_private,B_public
COVID_sinTr,2.08161976457911,2.08162105947428
COVID_phiBase,1.90419303052617,1.9042007535606
COVID_phiAlto,1.75970095006731,1.75969530096172
