scenario,A_private,B_public
COVID_phi=0.09,1.90419303052617,1.9042007535606
COVID_phi=0.14,1.75970095006731,1.75969530096172
