scenario,r,popI,popF,Y,Ctot,wealth_mean_I,wealth_mean_F,wealth_mean_T,wealth_med_I,wealth_med_F,wealth_med_T,gini_I,gini_F,gini_T,cons_mean_I,cons_mean_F,cons_mean_T,cons_med_I,cons_med_F,cons_med_T,p11_rep
NO_FISCAL,0.005,0.654,0.346000000000001,0.561820000000001,0.570110064367768,1.21712012687325,2.63783871226599,1.70868875741914,0.842017167381974,2.57086266094421,1.41829899856939,0.540783091351786,0.309928874214501,0.474651503242822,0.488996821921696,0.723428158471036,1.18077782866825,0.489650962827867,0.703154582240336,0.572060097880813,0.897715394612037
