scenario,A_I,A_F,A_private,B_public
EQUILIBRIO_LIMPIO,0.598295329938202,0.569330650643014,1.16762598058122,1.16762540787294
