scenario,A_private,B_public
VATnn_26,0.449451292377716,0.449455999999999
