scenario,A_private,B_public
VAT_26,0.449365218533651,0.449456
