scenario,A_private,B_public
VATnn_18,0.449458560449971,0.449455999999999
