scenario,A_private,B_public
VAT_18,0.449443921199237,0.449455999999999
