scenario,A_private,B_public
VAT_22,0.449454647528178,0.449455999999999
