scenario,A_private,B_public
VATnn_22,0.449455741930556,0.449455999999999
