scenario,A_private,B_public
VAT_20,0.449465776372703,0.449456
