scenario,r,popI,popF,Y,Ctot,wealth_mean_I,wealth_mean_F,wealth_mean_T,wealth_med_I,wealth_med_F,wealth_med_T,giniW_I,giniW_F,giniW_T,cons_mean_I,cons_mean_F,cons_mean_T,cons_med_I,cons_med_F,cons_med_T,giniC_I,giniC_F,giniC_T,p11_rep
VAT_26,0.01359375,0.654000000000001,0.345999999999999,0.56182,0.41805079557319,0.122516149330937,1.06716663835613,0.449365218533653,-0.0787982832618026,0.999828326180258,0.251072961373391,0.540921670822738,0.308524311151526,0.47833444470918,0.35729208380831,0.532895297001606,0.873375837321565,0.344926087371771,0.533423805744875,0.41542244440505,0.15147917134572,0.0717540589197112,0.163929017697808,0.897715394612037
