scenario,r,popI,popF,Y,Ctot,wealth_mean_I,wealth_mean_F,wealth_mean_T,wealth_med_I,wealth_med_F,wealth_med_T,giniW_I,giniW_F,giniW_T,cons_mean_I,cons_mean_F,cons_mean_T,cons_med_I,cons_med_F,cons_med_T,giniC_I,giniC_F,giniC_T,p11_rep
VAT_20,0.013203125,0.654000000000001,0.345999999999999,0.56182,0.438812920986109,0.122604963758317,1.06728939327967,0.449465776372705,-0.0735622317596567,0.999828326180258,0.251072961373391,0.540477767058919,0.308294685529434,0.478035423196875,0.37512783032161,0.559188785999351,0.916706358404462,0.362606084336597,0.559785579909845,0.436075223270189,0.150886643885019,0.0715470371300579,0.163540244939201,0.897715394612037
