scenario,r,popI,popF,Y,Ctot,wealth_mean_I,wealth_mean_F,wealth_mean_T,wealth_med_I,wealth_med_F,wealth_med_T,giniW_I,giniW_F,giniW_T,cons_mean_I,cons_mean_F,cons_mean_T,cons_med_I,cons_med_F,cons_med_T,giniC_I,giniC_F,giniC_T,p11_rep
VAT_22,0.0133610534667969,0.654000000000001,0.345999999999999,0.561819999999999,0.431675680434008,0.122596335514322,1.06727353786651,0.44945464752818,-0.0787982832618026,0.999828326180258,0.251072961373391,0.540648763117077,0.308385127316062,0.478150214905798,0.368990912996946,0.550160761080941,0.901813065773323,0.35619595106651,0.550728524046368,0.428970970655843,0.151121893521118,0.0716312889410489,0.163694956499682,0.897715394612037
