scenario,A_I,A_F,A_private,B_public
BASE,0.0206396571591878,0.328177802822673,0.348817459981861,0.25
LABTAX_UP,0.218208282221998,0.423714528854533,0.641922811076531,0.641930641901309
